
{
  "info": {
    "name": "SimpleTokenAuthApi",
    "_postman_id": "12345678-1234-1234-1234-1234567890ab",
    "description": "Token Authentication API",
    "schema": "https://schema.getpostman.com/json/collection/v2.1.0/collection.json"
  },
  "item": [
    {
      "name": "Login",
      "request": {
        "method": "POST",
        "header": [],
        "body": {
          "mode": "raw",
          "raw": "{\n    \"username\": \"admin\",\n    \"password\": \"password\"\n}",
          "options": {
            "raw": {
              "language": "json"
            }
          }
        },
        "url": {
          "raw": "https://localhost:5001/api/auth/login",
          "protocol": "https",
          "host": ["localhost"],
          "port": "5001",
          "path": ["api", "auth", "login"]
        }
      }
    },
    {
      "name": "Get Products",
      "request": {
        "method": "GET",
        "header": [
          {
            "key": "Authorization",
            "value": "Bearer {{token}}",
            "type": "text"
          }
        ],
        "url": {
          "raw": "https://localhost:5001/api/products",
          "protocol": "https",
          "host": ["localhost"],
          "port": "5001",
          "path": ["api", "products"]
        }
      }
    }
  ]
}
